{"stats":{"minecraft:custom":{"minecraft:time_since_rest":758954,"minecraft:inspect_dropper":40,"minecraft:sprint_one_cm":369402,"minecraft:damage_taken":60,"minecraft:walk_one_cm":487444,"minecraft:drop":4,"minecraft:inspect_hopper":46,"minecraft:play_noteblock":919,"minecraft:tune_noteblock":5468,"minecraft:fly_one_cm":2998775,"minecraft:crouch_one_cm":10576,"minecraft:play_time":758954,"minecraft:sneak_time":16123,"minecraft:jump":3720,"minecraft:leave_game":11,"minecraft:time_since_death":758954,"minecraft:total_world_time":829593,"minecraft:fall_one_cm":756,"minecraft:inspect_dispenser":5},"minecraft:dropped":{"minecraft:pumpkin_pie":176,"minecraft:comparator":1},"minecraft:mined":{"minecraft:note_block":1},"minecraft:used":{"minecraft:redstone_torch":83,"minecraft:sticky_piston":59,"minecraft:glass":198,"minecraft:piston":55,"minecraft:lever":156,"minecraft:sea_lantern":20,"minecraft:black_wool":68,"minecraft:dropper":7,"minecraft:map":1,"minecraft:wither_skeleton_skull":2,"minecraft:flint_and_steel":28,"minecraft:oak_planks":187,"minecraft:red_wool":49,"minecraft:green_wool":30,"minecraft:iron_block":115,"minecraft:grass_block":149,"minecraft:gray_carpet":60,"minecraft:dispenser":2,"minecraft:redstone":588,"minecraft:lime_wool":74,"minecraft:bone_block":8,"minecraft:stone_button":91,"minecraft:oak_sign":26,"minecraft:blue_wool":73,"minecraft:stone":57,"minecraft:composter":15,"minecraft:redstone_block":20,"minecraft:white_dye":12,"minecraft:gravel":12,"minecraft:glow_ink_sac":12,"minecraft:yellow_wool":132,"minecraft:stripped_crimson_stem":345,"minecraft:green_terracotta":1,"minecraft:white_wool":43,"minecraft:light_gray_wool":17,"minecraft:repeater":589,"minecraft:glowstone":89,"minecraft:soul_sand":9,"minecraft:dirt":115,"minecraft:sand":46,"minecraft:comparator":19,"minecraft:magenta_wool":58,"minecraft:emerald_block":44,"minecraft:stripped_crimson_hyphae":133,"minecraft:hopper":23,"minecraft:light_blue_wool":7,"minecraft:orange_wool":38,"minecraft:gold_block":8,"minecraft:pumpkin_pie":29,"minecraft:note_block":578,"minecraft:cyan_wool":130,"minecraft:gray_wool":32,"minecraft:observer":45,"minecraft:pumpkin":23,"minecraft:purple_wool":122},"minecraft:picked_up":{"minecraft:red_terracotta":23,"minecraft:pumpkin_pie":176,"minecraft:comparator":1,"minecraft:gray_wool":128}},"DataVersion":3120}