{"stats":{"minecraft:picked_up":{"minecraft:red_terracotta":10},"minecraft:custom":{"minecraft:time_since_rest":135271,"minecraft:sprint_one_cm":34140,"minecraft:walk_one_cm":50037,"minecraft:inspect_hopper":33,"minecraft:tune_noteblock":283,"minecraft:fly_one_cm":480456,"minecraft:crouch_one_cm":5171,"minecraft:play_time":135271,"minecraft:sneak_time":3803,"minecraft:jump":527,"minecraft:leave_game":4,"minecraft:time_since_death":135271,"minecraft:total_world_time":143833,"minecraft:fall_one_cm":211},"minecraft:used":{"minecraft:sticky_piston":23,"minecraft:glass":10,"minecraft:piston":61,"minecraft:lever":9,"minecraft:blue_terracotta":1,"minecraft:activator_rail":14,"minecraft:black_wool":29,"minecraft:red_wool":29,"minecraft:iron_block":277,"minecraft:grass_block":5,"minecraft:redstone":169,"minecraft:lime_wool":14,"minecraft:stone_button":6,"minecraft:blue_wool":17,"minecraft:light_blue_terracotta":1,"minecraft:red_terracotta":2,"minecraft:redstone_block":4,"minecraft:yellow_wool":18,"minecraft:crimson_sign":1,"minecraft:light_gray_wool":64,"minecraft:white_wool":111,"minecraft:glowstone":9,"minecraft:repeater":52,"minecraft:dirt":4,"minecraft:lime_terracotta":1,"minecraft:comparator":8,"minecraft:yellow_terracotta":1,"minecraft:hopper":6,"minecraft:light_blue_wool":15,"minecraft:orange_wool":18,"minecraft:purple_terracotta":3,"minecraft:note_block":19,"minecraft:gray_wool":110,"minecraft:observer":1,"minecraft:orange_terracotta":1,"minecraft:purple_wool":28}},"DataVersion":3120}